{
    "Samir": 1124.4299319444444,
    "samir": 1063.9468682517643,
    "noob": 961.62325,
    "test": 1041.1454080725512
}